{"cameraMode":{"drawMode":0,"name":"Shaded","section":"Shading Mode"},"sceneLighting":true,"audioPlay":false,"sceneViewState":{"showFog":true,"showMaterialUpdate":false,"showSkybox":true,"showFlares":true,"showImageEffects":true,"showParticleSystems":true},"in2DMode":false,"pivot":{"x":-11.618255615234375,"y":-54.067813873291019,"z":45.48426055908203},"rotation":{"x":-0.33546316623687746,"y":0.48461928963661196,"z":-0.20828431844711305,"w":-0.7805295586585999},"size":88.47337341308594,"orthographic":false}