{"cameraMode":{"drawMode":0,"name":"Shaded","section":"Shading Mode"},"sceneLighting":false,"audioPlay":false,"sceneViewState":{"showFog":true,"showMaterialUpdate":false,"showSkybox":true,"showFlares":true,"showImageEffects":true,"showParticleSystems":true},"in2DMode":false,"pivot":{"x":24.743606567382814,"y":2.259999990463257,"z":9.420600891113282},"rotation":{"x":-0.09046569466590882,"y":0.839698314666748,"z":-0.5147258639335632,"w":-0.14758092164993287},"size":2.8578836917877199,"orthographic":false}